{
  "properties": {
    "connectionReferences": {
      "shared_commondataserviceforapps": {
        "runtimeSource": "embedded",
        "connection": {
          "connectionReferenceLogicalName": "cr6d0_sharedcommondataserviceforapps_bdde4"
        },
        "api": {
          "name": "shared_commondataserviceforapps"
        }
      }
    },
    "definition": {
      "$schema": "https://schema.management.azure.com/providers/Microsoft.Logic/schemas/2016-06-01/workflowdefinition.json#",
      "contentVersion": "1.0.0.0",
      "parameters": {
        "$connections": {
          "defaultValue": {},
          "type": "Object"
        },
        "$authentication": {
          "defaultValue": {},
          "type": "SecureObject"
        }
      },
      "triggers": {
        "When_a_row_is_added,_modified_or_deleted": {
          "metadata": {
            "operationMetadataId": "89417dcd-3634-4d91-b518-a871cbd82a73"
          },
          "type": "OpenApiConnectionWebhook",
          "inputs": {
            "host": {
              "connectionName": "shared_commondataserviceforapps",
              "operationId": "SubscribeWebhookTrigger",
              "apiId": "/providers/Microsoft.PowerApps/apis/shared_commondataserviceforapps"
            },
            "parameters": {
              "subscriptionRequest/message": 1,
              "subscriptionRequest/entityname": "ct_order",
              "subscriptionRequest/scope": 4
            },
            "authentication": "@parameters('$authentication')"
          }
        }
      },
      "actions": {
        "Update_a_row": {
          "runAfter": {},
          "metadata": {
            "operationMetadataId": "15f99405-c2cd-43ba-90e4-a399ad7fce6e"
          },
          "type": "OpenApiConnection",
          "inputs": {
            "host": {
              "connectionName": "shared_commondataserviceforapps",
              "operationId": "UpdateRecord",
              "apiId": "/providers/Microsoft.PowerApps/apis/shared_commondataserviceforapps"
            },
            "parameters": {
              "entityName": "ct_orders",
              "recordId": "@triggerOutputs()?['body/ct_orderid']",
              "item/ct_MenuItem@odata.bind": "ct_menus/@{triggerOutputs()?['body/ct_menuitemid']}"
            },
            "authentication": "@parameters('$authentication')"
          }
        }
      }
    },
    "templateName": null
  },
  "schemaVersion": "1.0.0.0"
}